<?xml version="1.0" encoding="utf-8"?>
<!DOCTYPE section PUBLIC "-//Boost//DTD BoostBook XML V1.0//EN"
  "http://www.boost.org/tools/boostbook/dtd/boostbook.dtd">
<section>

  <title>Design</title>

  <para>A discussion about the Boost.Network design decisions, and a
  description of the NetworkAddress concept.</para>

  <section>

    <title>Initial Considerations</title>

    <para>The design for the library tries to take into account as much as it
    can the interfaces defined in RFC 3493, "Basic Socket Interface Extensions
    for IPv6", where it is concerned with portability and genericity.</para>

    <para>We recognize the existance of a wide range of requirements from the
    community for a C++ networking library, and the past and current discussions
    going on in the Boost community; this library is not intended to satisfy
    all of them.</para>

    <para>The purpose of this library is to be a draft proposal for a
    networking IOStreams extension for the standard library.</para>

  </section>
  
  <section>
  
    <title>net_base</title>
    
    <para>The net_base type is analogous to the ios_base type, and is used just
    to contain flags used elsewhere.</para>
    
    <para>Numerous types of flags appear everywhere at the traditional
    networking API: network families, socket types, protocols, socket options,
    shutdown modes, send and receive flags, IO controls, etc. The absence of
    almost all of these is deliberate.</para>
    
    <para>This version of the library offers only a family flag type to
    initialize streams to a particular "network family" supported by the
    implementation.</para>
    
    <para>We would like to support in the future at least shutdown mode flags,
    in order to be able to construct inetstreams with a closed output stream
    and onetstreams with a closed input stream.</para>
  
  </section>
  
  <section>

    <title>IOStreams extensions</title>

    <para>In order to operate, the networking streams need some setting up, like
    file streams. Like fstreams, netstreams offer "open" and "close"
    methods.</para>
    
    <para>We would like for istreams to be constructed shutting down the output
    stream, and the ostreams to be constructed shutting down the input stream;
    this will be possible when net_base offers shut_mode flags.</para>
    
  </section>
  
  <section>
  
    <title>The NetworkAddress concept</title>
    
    <para>C interfaces taking "network address" types as parameters are of two
    kinds, that we call "const kind" and "non-const kind"; examples are:</para>

    <programlisting>
    int connect (const sockaddr* addr, socklen_t len);
    int accept  (sockaddr* addr, socklen_t* len);
    </programlisting>

    <para>In the "const kind", the interface takes the object as an opaque
    pointer, and it's size for safety; in the "non-const kind", the interface
    takes the object as an opaque pointer, it's size, and returns the actual
    amount of bytes used.</para>

    <para>Also, the opaque sockaddr structure has only one meaningful member: a
    sa_family member of type int, guaranteed to be the absolute first member of
    the structure. All sockaddr_xx conform to this requirement. This way, after
    receiving a sockaddr* from somewhere, one can determine it's type by
    comparing the sa_family member with constants provided by the
    implementation.</para>

    <para>A form of run-time polymorphism is achieved by a compile-time
    contract.</para>

    <para>To each "network family" corresponds a sockaddr_xx structure, where
    xx is a double-letter symbol for that "family". As each socket is acquired
    bound to a "network family", we must use with that socket the appropriate
    sockaddr_xx type as parameter to bind(), connect(), and such.</para>

    <para>Given that, even with some form of run-time polymorphism between the
    sockaddr_xx types, it is not really possible to alternate address types used
    with an initialized socket. Because of this, we decided to represent the
    generic idea of a "network address" by a concept.</para>

    <para>The NetworkAddress concept is modelled by any type that is able to
    provide the following three datum about itself:</para>

    <itemizedlist>
        <listitem>it's "network family"</listitem>
        <listitem>it's "address"</listitem>
        <listitem>the size of it's "address"</listitem>
    </itemizedlist>

    <para>This way, a model of NetworkAddress provides to a function such
    as:</para>

    <programlisting>
    template &lt;typename NetworkAddress&gt;
    void connect (NetworkAddress const&amp; a);
    </programlisting>

    <para>the same information a sockaddr_xx type provides to a function such
    as:</para>

    <programlisting>
    int connect (const sockaddr* addr, socklen_t len);
    </programlisting>

    <para>Also, our templated connect() can call function_requires to certify
    itself it didn't receive some random object; on the other hand, users of
    non-templated connect *must* cast to an opaque pointer, which might let
    random objects in.</para>

    <para>The NetworkAddress concept frees the specification of the stream
    classes from particular address types that might be used; those can be left
    for the implementation to provide in a case by case basis. Other modules and
    libraries can specify types that model NetworkAddress freely.</para>

    <para>Given the constraints imposed by the C interfaces we inevitably reach
    when we finally contact the operating system, we are fairly confident
    the NetworkAddress is a stable concept.</para>

  </section>

  <section>
  
    <title>The resolver class</title>
    
    <para>The resolver class is almost just a wrapper over the getaddrinfo
    interface defined in RFC 3493:</para>
    
    
    <programlisting>
    int getaddrinfo (const char *node, const char *service,
                     const struct addrinfo *hint,
                     struct addrinfo** res);
    </programlisting>
    
    <para>where the res output parameter is a linked list of addrinfo objects
    allocated by getaddrinfo for the user. This linked list is encapsulated by
    resolver::result_type as a pseudo ForwardContainer.</para>
    
    <para>resolver::result_type offers RAII behaviour in which it frees this
    linked list on destruction.</para>
    
    <para>The corresponding interface to translate address objects back into
    symbolic names:</para>
    
    <programlisting>
    int getnameinfo (const struct sockaddr *sa, socklen_t salen,
                     char *host, size_t hostlen,
                     char *serv, size_t servlen, int flags);
    </programlisting>
    
    <para>has no counterpart in this library as of yet. We think maybe
    an overloaded resolve() member method would do the trick, but exactly
    how it returns information is still undecided: two non-const string
    parameters, or a pair?</para>

  </section>

</section>
