<?xml version="1.0" encoding="utf-8"?>
<!DOCTYPE section PUBLIC "-//Boost//DTD BoostBook XML V1.0//EN"
  "http://www.boost.org/tools/boostbook/dtd/boostbook.dtd">
<section>

  <title>Examples</title>
  
  <para>An overview of the various examples provided with the Boost.Network
  source code.</para>
  
  <section>
  
    <title>Threaded Protocol Servers</title>
    
    <para>An overview of the boost::thread based protocol servers.</para>
    
  </section>
  
  <section>
  
    <title>Protocol Clients</title>
    
    <para>An overview of different kinds of protocol clients enabled by
    boost.</para>
    
  </section>
  
</section>
