<?xml version="1.0" encoding="utf-8"?>
<!DOCTYPE section PUBLIC "-//Boost//DTD BoostBook XML V1.0//EN"
  "http://www.boost.org/tools/boostbook/dtd/boostbook.dtd">
<section>

  <title>Introduction</title>
  
  <para>The Boost.Network is an implementation of the standard IOStreams
  interfaces over a network communication channel, among other related
  networking facilities.
  </para>
  
  <para>The library provides an interface to the name resolution services,
  in order to construct streams that contact particular entities in the network,
  with a container "view" of the result set of name resolution, in order to
  allow standard algorithms to be used over these results.</para>
  
  <para>The library also provides a listener class to wait for incoming
  contacts from remote entities, that interact safely with the stream classes
  through initialization semantics.</para>
  
</section>

