<?xml version="1.0" encoding="utf-8"?>
<!DOCTYPE library PUBLIC "-//Boost//DTD BoostBook XML V1.0//EN"
  "http://www.boost.org/tools/boostbook/dtd/boostbook.dtd">
<library name="Network" dirname="network" 
         xmlns:xi="http://www.w3.org/2001/XInclude" id="network">
<libraryinfo>
  <author>
    <firstname>Pedro</firstname>
    <surname>Lamarão</surname>
  </author>

  <copyright>
    <year>2005</year>
    <holder>Pedro Lamarão</holder>
  </copyright>

  <legalnotice>
    <para>Use, modification and distribution is subject to the Boost
    Software License, Version 1.0. (See accompanying file
    <filename>LICENSE_1_0.txt</filename> or copy at <ulink
    url="http://www.boost.org/LICENSE_1_0.txt">http://www.boost.org/LICENSE_1_0.txt</ulink>)</para>
  </legalnotice>

  <librarypurpose>Networking IOStreams and friends</librarypurpose>
  <librarycategory name="category:io" />
</libraryinfo>

<title>Boost.Network</title>
  <xi:include href="introduction.xml" />
  <xi:include href="tutorial.xml" />
  <xi:include href="overview.xml" />
  <xi:include href="reference.xml" />
  <xi:include href="examples.xml" />
  <xi:include href="design.xml" />
</library>
