<?xml version="1.0" encoding="utf-8"?>
<!DOCTYPE section PUBLIC "-//Boost//DTD BoostBook XML V1.0//EN"
  "http://www.boost.org/tools/boostbook/dtd/boostbook.dtd">
<section>

  <title>Overview</title>

  <using-namespace name="boost::network" />

  <para>In this section we give an overview of the Boost.Network library,
  and how it interacts with other Boost libraries.</para>

  <section>
  
    <title>Initial Concepts and Terminology</title>
    
    <para>Certain terms used in network-land may be confusing and
    counter-intuitive when trying to build a more abstract interface.</para>
    
    <para>In this library the word "socket" is being deliberately avoided. It
    comes with full luggage; lot's of things are expected of "sockets"; we felt
    that this name should be free for use by those who want to address these
    expectations, as we do not.</para>
    
    <para>Also, we have been unable to avoid talking about "network families";
    and it's quite difficult to explain why we say "network families" without
    mentioning the fact a "network" is composed of multiple "protocols". At the
    same time, we also avoid "protocols" as much as we can. Certain design
    decisions could be made to hide even more the places where we must talk
    of these "families"; we discuss a little about it in later sections.</para>

    <para>For all practical purposes, a "network family" is something a stream
    is bound to, and determines what type of address will work with it.</para>

    <para>The term "stream" is specifically used to mean the types derived from
    the std::basic_istream, std::basic_ostream and std::basic_iostream standard
    template classes. That is sometimes confusing as "stream" may also be used
    to talk about that place where bytes come from and go to; but we shouldn't
    talk about that place much.</para>

    <para>Also, "name resolution" was difficult to avoid, although we actually
    like how it sounds.</para>
    
    <para>Last, but not least, the reader of this documentation (and we hope
    future user of this library) is expected to know what to do with the
    standard IOStreams, or at least have some understanding about what they are
    for. For a complete programmer's guide, check out (...).</para>

  </section>

  <section>

    <title>The Resolver</title>

    <para>The name resolution services are the bridge between user-land
    and network-land languages. Users don't think of network entities as
    numerical addresses and ports; they think of them as services
    and host names.</para>

    <para>The name system translates from symbolic names into network addresses,
    and is fundamental to a networking library.</para>

    <para>The current resolver design is simple and takes two pieces of
    information to compose an address object suitable for initialization of
    the other classes: a host name, and a service name.</para>

    <para>The name system may return zero, one or more results for a given name;
    and may return results for many network families, if applicable. This way,
    the result of resolution is a sequence of results.</para>

    <para>The result is presented to client code as a ForwardContainer of
    results; so that they can be processed with the usual algorithms:</para>

    <programlisting>
    struct family_is; // A Predicate, just as you thought.

    resolver r("www.boost.org", "http");
    resolver::result_type::const_iterator i =
      find_if(r.result().begin();
              r.result().end();
              family_is(net_base::ipv4));
    </programlisting>

    <para>That should return the first address matching our requirement. It
    could probably be written in lambda to do without family_is.
    But perhaps we want more:</para>

    <programlisting>
    struct family_is; // A Predicate, just as you thought.

    resolver r("www.boost.org", "http");

    filter_iterator&lt;family_equal_to,
                    resolver::result_type::iterator&gt; filter_t;
    filter_t begin = filter_t(family_is(net_base::ipv4),
                              r.result().begin(),
                              r.result().end));
    filter_t end = filter_t(family_is(net_base::ipv4),
                              r.result().end(),
                              r.result().end));

    // Let's try [begin,end) until one server accepts us
    // Damn unreliable Internet!
    </programlisting>

    <para>That's just crazy! Some services serve multiple addresses in a
    round-robin fashion to distribute load between servers.</para>

  </section>

  <section>

    <title>Network Addresses</title>

    <para>Network-land is a vague place, where many entities are lying around,
    lonely, waiting to be contacted. This contact usually starts with a human
    resolving a symbolic name (easy for him to remember, we hope) and translating
    that into a suitable network address.</para>

    <para>Each kind of "network family" has it's own addressing scheme, with
    practically nothing in common with other "network families". So that, from
    the language's perspective, for each of these "families" there must be an
    address type.</para>

    <para>The availability of support for a certain "family" is implementation
    dependant, and so it is left for the implementation to offer
    the suitable address type for that "family". Every address type must
    model a loose NetworkAddress concept so that other types, mainly
    the stream types, can make some use of them.</para>

    <para>The library offers two types modelling NetworkAddress: the
    resolved_address type, and the generic_address type.</para>

    <para>The resolved_address type is the value_type of the
    resolver::result_type container, and is not meant to live long. It is
    implicit that if the result is of a certain "family", that "family" is
    supported by this implementation.</para>

    <para>The generic_address type offers copy constructors and assignment
    operators taking resolved_address'es so that it is possible to store
    an interesting address for a longer time. The generic_address is such
    that it is possible to store, also, other types of addresses offered
    by the implementation.</para>

    <para>With the resolver service and this addressing strategy, the
    infrastructure for contacting entities in network-land is complete.</para>

  </section>

  <section>

    <title>IOStreams</title>

    <para>Network streams allow input and output to network channels. Such
    channels are established between two peers over a particular network. A
    network entity contacts some other entity listening in the network through
    it's network address. Sometimes it becomes necessary for an entity to set
    it's own address.</para>
    
    <para>The three usual kinds of streams are provided: basic_inetstream for
    input, basic_onetstream for output, and basic_netstream for bidirectional
    I/O. Typedefs are provided for the specialization of these templates for
    the char unit of transmission: inetstream, onetstream and netstream. No
    typedefs are provided for wchar_t specializations at this time.</para>
    
    <para>We are usually trying to contact someone whose network address we
    obtained from name resolution:</para>
    
    <programlisting>
    // i is a resolver::result_type::const_iterator
    netstream s(i->family());
    </programlisting>

    <para>This way we initialize a stream appropriately to contact that
    peer.</para>

    <para>Network streams are created for a particular network (or "network
    family"); sometimes we need to specify what family directly with a
    net_base::family object:</para>
    
    <programlisting>
    netstream s(net_base::ipv4);
    </programlisting>
    
    <para>This way we create a stream for the IPv4 network family. Available
    families are defined by each implementation; to each of these corresponds
    a static data member of net_base with net_base::family type.</para>

    <para>To contact a peer listening at a specified address, we connect to
    that address:</para>
    
    <programlisting>
    // address is a NetworkAddress
    s.connect(address);
    </programlisting>
    
    <para>The connect method is a template method whose template parameter must
    be a model of NetworkAddress; it's only argument is a reference to an object
    of said NetworkAddress representing the peer in the network.</para>
    
    <para>Usually the iterator we used to initialize the stream will be also
    used to connect to the peer:</para>
    
    <programlisting>
    // i is a resolver::result_type::const_iterator
    netstream s(i->family());
    s.connect(*i);
    </programlisting>
    
    <para>To finish the communication and close the communication channel down,
    we call the shutdown method:
    </para>
    
    <programlisting>
    s.shutdown();
    </programlisting>
    
    <para>The shutdown method is straightfoward. There is usually no need to
    call shutdown explicitly, as the stream's destructor will take care of
    that.</para>
    
    <para>In some situations, it is necessary to specify a specific local
    address to represent ourselves:</para>
    
    <programlisting>
    // address is a NetworkAddress
    s.bind(address);
    </programlisting>
    
    <para>If we don't explicitly call bind for a certain stream, the
    implementation will allocate an appropriate local address
    automatically.</para>
    
    <para>These operations set failbit in case of failure so we can
    write:</para>
    
    <programlisting>
    // address is a NetworkAddress
    netstream s(net_base::ipv4);
    s.connect(address);
    if (!s.good())
        return; // damn...
    </programlisting>

    <para>After all this preparation, a netstream can be used in the usual
    ways:</para>
    
    <programlisting>
    // s is a netstream, so, it's an iostream
    
    string str;
    while (std::getline(s, str)) {
        // most internet protocols are line oriented
    }
    </programlisting>

    <para>Or maybe:</para>

    <programlisting>
    // s is a netstream, so, it's an iostream

    typedef std::istream_iterator&lt;protocol::message&gt; iterator_type;
    iterator_type i = iterator_type(s);
    iterator_type end = iterator_type();

    for (; i != end; ++begin) {
        // *i is a protocol::message
    }
    </programlisting>

  </section>
  
  <section>
  
    <title>The Listener</title>
    
    <para>A listener is a special kind of network entity whose purpose is to
    exist in the network, bound to a known address, and wait for contact
    from other entities.</para>
    
    <para>Listener's are constructed just like streams:</para>
    
    <programlisting>
    listener l(net_base::ipv4);
    </programlisting>

    <para>...with a family parameter to indicate the network the listener will
    live on.</para>
    
    <para>The listener has a bind method, just like streams, with the same
    purpose:</para>

    <programlisting>
    // address is a NetworkAddress
    l.bind(address);
    </programlisting>
    
    <para>Contrasting with the stream, we should always call bind for the
    listener; else, a random local address will be attributed to it, and the
    purpose of listeners is to be accessible by known, public, addresses.</para>
    
    <para>The listener has no connect method; instead, it has a listen
    method:</para>
    
    <programlisting>
    l.listen();
    </programlisting>

    <para>The listen method starts the actual activity of listening in the
    network, and could very well be called "start".</para>
    
    <para>The corresponding "stop" would be the shutdown method, similar to
    the stream one:</para>
    
    <programlisting>
    l.shutdown();
    </programlisting>
    
    <para>Our prototypes are remarkably simple, aren't they?</para>
    
    <para>A live listener accumulates contact requests from remote entities in
    a "queue" by the implementation. Actual connections to those entities can
    be constructed by initializing a stream with the listener object:</para>
    
    <programlisting>
    // l is a live listener
    netstream s(l);
    </programlisting>
    
    <para>s will then represent a connection initiated by, and with,
    the remote entity. The listener keeps running, so we can initialize
    streams like this repeatedly until the listener is shutdown.</para>

  </section>

</section>
