<?xml version="1.0" encoding="utf-8"?>
<!DOCTYPE section PUBLIC "-//Boost//DTD BoostBook XML V1.0//EN" "http://www.boost.org/tools/boostbook/dtd/boostbook.dtd">
<section>

  <title>Tutorial</title>

  <using-namespace name="boost::network"></using-namespace>

  <section>
  
    <title>Talking</title>

    <para>Consider a trivial networking application that acquires the home-page
    of the Boost website:</para>

    <programlisting>
    resolver r("www.boost.org", "http");
    resolver::result_type::const_iterator i = r.result().begin();

    netstream s(i-&gt;family());
    s.connect(*i);

    s &lt;&lt; "GET \index.html HTTP\1.1\r\n"
      &lt;&lt; "Host: www.boost.org\r\n"
      &lt;&lt; "\r\n" &lt;&lt; std::flush;
    std::cout &lt;&lt; s.rdbuf();
    </programlisting>
  
    <para>This program will dump the contents of the Boost home-page in the
    standard output (including the HTTP response headers). Let's take a look at
    each step more closely.</para>

    <programlisting>
    resolver r("www.boost.org", "http");
    resolver::result_type::const_iterator i = r.result().begin();
    </programlisting>

    <para><classname>resolver</classname> offers "name resolution" services: it
    translates symbolic names into network addresses.</para>
    <para>Resolving a name can result multiple addresses associated with that
    name; the <code>result()</code> method returns a reference to
    <type>resolver::result_type</type>, a model of ForwardContainer.</para>
    <para>The <type>value_type</type> of <type>resolver::result_type</type> is
    the <classname>resolved_address</classname> class, a model of NetworkAddress
    (more on this concept later).</para>
    <para>We'll use the <classname>resolved_address</classname> we got to
    initialize a stream and contact the Boost server:</para>

    <programlisting>
    netstream s(i-&gt;family());
    s.connect(*i);
    </programlisting>

    <para><classname>netstream</classname>'s constructor takes a flag indicating
    a "network family"; each stream is intimately associated with one such
    "family". Examples of families are IPv4 and IPv6.</para>
    <para>The <code>connect()</code> method takes a NetworkAddress reference and
    contacts a remote entity bound to this address.</para>

    <programlisting>
    s &lt;&lt; "GET \index.html HTTP\1.1\r\n"
      &lt;&lt; "Host: www.boost.org\r\n"
      &lt;&lt; "\r\n" &lt;&lt; std::flush;
    std::cout &lt;&lt; s.rdbuf();
    </programlisting>

    <para>After initializing our stream, IOStreams magic begins. The output
    operators work exactly as you would expect them to.</para>
    <para>Note the output of a streambuf (actually, a pointer to streambuf) that
    means "output all the content of this streambuf until it hits
    end-of-file".</para>

    <para>Our initial example is simple, and doesn't take into account the
    multiple results possible in name resolution, and leaks HTTP protocol logic
    in too high a level.</para>
    <para>Let's rework it a little:</para>

    <programlisting>
    resolver r("www.boost.org", "http");

    resolver::result_type::const_iterator i = r.result().begin();
    for (; i != r.result().end(); ++i)
      if (i-&gt;family() == net_base::ipv4)
        break;

    netstream s(i-&gt;family());
    s.connect(*i);

    http_request req("www.boost.org/index.html");
    s &lt;&lt; req &lt;&lt; std::flush;
    std::cout &lt;&lt; s.rdbuf();
    </programlisting>

    <para>Observe how we iterate through the resolver results after a
    <classname>resolved_address</classname> with the required
    characteristics.</para>
    <para>The <classname>net_base</classname> is similar to
    <classname>ios_base</classname>, and holds a number of objects, "flags",
    representing various information. In this example we use a "flag" of
    <type>net_base::family</type> type to search for an address of the
    IPv4 family.</para>
    <para><type>net_base::family</type> is the type of the expression
    <code>i-&gt;family()</code> in the example, and is the type of the parameter
    taken by the stream constructor.</para>

    <para>The <classname>http_request</classname> class encapsulates the format
    of an HTTP request; it's constructor takes a familiar string and is smart to
    tokenize it properly. The output operator is implemented as follow:</para>

    <programlisting>
    ostream&amp;
    operator&lt;&lt; (ostream&amp; o, http_request const&amp; req) {
      o &lt;&lt; "GET " &lt;&lt; req.path() &lt;&lt; " HTTP\1.1\r\n"
        &lt;&lt; "Host: " &lt;&lt; req.host() &lt;&lt; "\r\n"
        &lt;&lt; "\r\n";
      return o;
    }
    </programlisting>

    <para>HTTP, being a well defined protocol, offers us the possibility of
    designing a truly reusable module in these terms.</para>
    <para>Completing the module with a <classname>http_response</classname> class
    that would understand the response headers sent from the server, we might
    completely abstract away the fact there is an HTTP protocol going on:</para>

    <programlisting>
    s &lt;&lt; http_request("www.boost.org/index.html") &lt;&lt; std::flush;
    http_response resp;
    s &gt;&gt; resp;
    std::cout &lt;&lt; resp.payload();
    </programlisting>

    <para>This program dumps to the standard output only the resource we want,
    without any protocol headers.</para>
    <para>Note the convenience of the temporary http_request. If that's a very
    lightweight object, it could, perhaps, be optimized away.</para>

    <para>Adding proper error control, we get this final program:</para>

    <programlisting>
    try {
	  resolver r("www.boost.org", "http");
	
	  resolver::result_type::const_iterator i = r.result().begin();
	  for (; i != r.result().end(); ++i)
	    if (i-&gt;family() == net_base::ipv4)
	      break;

      if (i == r.result().end()) {
        std::cerr &lt;&lt; "No suitable address found" &lt;&lt; std::endl;
        return;
      }
	
	  netstream s(i-&gt;family());
	  s.connect(*i);
	
      s &lt;&lt; http_request("www.boost.org/index.html") &lt;&lt; std::flush;
      http_response resp;
      ss &gt;&gt; resp;
      std::cout &lt;&lt; resp.payload();
    } catch (std::exception const&amp; e) {
      std::cerr &lt;&lt; "Exception caught: " &lt;&lt; e.what() &lt;&lt; std::endl;
    }
    </programlisting>

    <para><classname>resolver</classname> will throw a
    <classname>resolver_error</classname> in case of an error;
    IOStream classes have their own method of signaling errors with error flags.
    Also, if all addresses we get after name resolution are of the wrong family,
    we can't contact the server the way we wanted, and we error out.</para>

  </section>
  
  <section>
  
    <title>Listening</title>
    
    <para>Consider we are the Boost webserver, and we want to listen to
    incoming contacts from remote entities wanting to learn more about
    C++:</para>
    
    <programlisting>
    resolver r("", "http");
    resolver::result_type::const_iterator i = r.result().begin();

    listener l(i-&gt;family());
    l.listen();
    
    while (true) {
      netstream s(l);
      http_request req;
      s &gt;&gt; req;
      
      http_response resp;
      
      // Do stuff, and populate response.
      
      s &lt;&lt; resp;      
    }
    </programlisting>
    
    <para>Observe the empty host passed to the resolver. That indicates we want
a "no particular host" answer, and the resolver will return an address that
means just that.</para>
    <para>With the returned address, we initialize our listener:</para>
    
    <programlisting>
    listener l(i-&gt;family());
    l.bind(*i);
    l.listen();
    </programlisting>
    
    <para>listeners are initialized just like streams, but they don't work the
    same. When we call the <code>listen()</code> method, the listener starts
    paying attention to the network and noticing attempts from remote entities
    to contact the address the listener was initialized with.</para>
    <para>"Accepting" such remote entities for a chat is accomplished in the
    inner loop:</para>

    <programlisting>
    netstream s(l);
    </programlisting>
    
    <para>Initializing a stream like this will accept a contact from a remote
    entity to this particular listener.</para>
    <para>After proper initialization, our stream is ready for regular work.
    Notice how we reuse the http_request and http_response classes.</para>
    
    <para>Of course, real world applications are much more complex, with
    tighter requirements on concurrency and performance.</para>
    <para>In the next section, we discuss more closely each of the modules that
    compose the Boost.Network library.</para>
    
  </section>

</section>
