<?xml version="1.0" encoding="utf-8"?>
<!DOCTYPE header PUBLIC "-//Boost//DTD BoostBook XML V1.0//EN"
  "http://www.boost.org/tools/boostbook/dtd/boostbook.dtd">
<header name="boost/network/address.hpp">
  <namespace name="boost">
    <namespace name="network">
      <class name="generic_address">

        <constructo />

        <constructor>
          <parameter name="address">
            <paramtype>generic_address const&amp;</paramtype>
          </parameter>
        </constructor>

        <constructor>
          <parameter name="address">
            <paramtype>resolved_address const&amp;</paramtype>
          </parameter>
        </constructor>

        <destructor />
       
        <method name="family" cv="const">
          <type>net_base::family</type>
        </method>

        <method name="address" cv="const">
          <type>sockaddr const*</type>
        </method>

        <method name="length" cv="const">
          <type>int</type>
        </method>

      </class>
    </namespace>
  </namespace>
</header>
