<?xml version="1.0" encoding="utf-8"?>
<!DOCTYPE header PUBLIC "-//Boost//DTD BoostBook XML V1.0//EN"
  "http://www.boost.org/tools/boostbook/dtd/boostbook.dtd">
<header name="boost/network/listener.hpp">
  <namespace name="boost">
    <namespace name="network">
      <class name="listener">
      
        <purpose>The <classname>listener</classname> represents a network entity
        whose basic semantics are to listen to incoming contacts from remote
        talkers, in order to create local talkers that'll figure out what they
        have to say.</purpose>
        
        <description>
        <para>The distinction between talkers and listeners is sometimes silly,
        and doesn't always represent the flow of the application protocol.
        In a client-server model, the <classname>listener</classname> is the
        "server", and the <classname>talker</classname> is the "client",
        but sometimes, the "server" is the first to talk in
        particular a conversation.</para>
        <para>A listener doesn't represent and end point of communication as
        much as it represents an entity expecting communication to happen, but
        not actively initiating it; so listeners are useful to initialize new
        talkers to communicate with remote entities actively seeking contact.
        But the community of entities in the network is unreliable, in which
        we never know when we'll have the interest of someone; this can lead
        to fruitlessly blocking in the initialization of a new talker when
        there's no one trying contact. This "blocking problem" is not
        addressed in this implementation.</para>
        <para>The listener class is a wrapper over the operating system
        networking services and it's purpose is to hide those interfaces away
        from our C++ code, providing the opportunity for a truly generic
        interface elsewhere.</para>
        </description>
      
        <constructor>
        
          <parameter name="f">
            <paramtype>net_base::family</paramtype>
          </parameter>
          
          <effects>Constructs a listener for the specified network
          family.</effects>
          <throws><classname>net_error</classname> in case of an error.</throws>
          
        </constructor>
        
        <destructor />

        <method name="bind">

          <template>
            <template-type-parameter name="NetworkAddressT" />
          </template>
          <type>void</type>
          <parameter name="address">
            <paramtype>NetworkAddressT const&amp;</paramtype>
          </parameter>

          <effects>
          <para>Binds the listener to the provided address in the local
          network host.</para>
          <para>Remote entities trying contact will be contacting this
          address.</para>
          </effects>
          <throws><classname>net_error</classname> in case of an error.</throws>

          <postconditions>
          <para>Subsequent calls to <code>bind</code> will throw.</para>
          </postconditions>

        </method>

        <method name="listen">
        
          <type>void</type>
          
          <effects>
          <para>Starts listening to incoming contacts from remote
          talkers.</para>
          </effects>
          
        </method>
        
        <method name="shutdown">
        
          <type>void</type>
          
          <effects>
          <para>Stops listening to incoming contacts from remote
          talkers.</para>
          </effects>
          
        </method>

      </class>
    </namespace>
  </namespace>
</header>
