<?xml version="1.0" encoding="utf-8"?>
<!DOCTYPE header PUBLIC "-//Boost//DTD BoostBook XML V1.0//EN"
  "http://www.boost.org/tools/boostbook/dtd/boostbook.dtd">
<header name="boost/network/net.hpp">
  <namespace name="boost">
    <namespace name="network">
      <class name="net_base">
      
        <purpose>Provides some flags.</purpose>
      
        <enum name="family">
          <enumvalue name="ipv4" />
          <enumvalue name="ipv6" />
          <purpose>These values represent a particular network family of
          protocols.</purpose>
        </enum>
      </class>
    </namespace>
  </namespace>
</header>
