<?xml version="1.0" encoding="utf-8"?>
<!DOCTYPE header PUBLIC "-//Boost//DTD BoostBook XML V1.0//EN"
  "http://www.boost.org/tools/boostbook/dtd/boostbook.dtd">
<header name="boost/network/netbuf.hpp">
  <namespace name="boost">
    <namespace name="network">
      <class name="basic_netbuf">

        <inherit access="public">
          <classname>std::basic_streambuf</classname>
        </inherit>

        <template>
          <template-type-parameter name="CharT" />
          <template-type-parameter name="TraitsT" />
        </template>
            
        <constructor>
          <parameter name="f">
            <paramtype>net_base::family</paramtype>
          </parameter>
        </constructor>
        
        <destructor />
        
        <constructor>
          <parameter name="l">
            <paramtype>listener const&amp;</paramtype>
          </parameter>
        </constructor>
      
        <method name="bind">
          <template>
            <template-type-parameter name="NetworkAddressT" />
          </template>
          <type>void</type>
          <parameter name="address">
            <paramtype>NetworkAddressT const&amp;</paramtype>
          </parameter>
        </method>

        <method name="connect">
          <template>
            <template-type-parameter name="NetworkAddressT" />
          </template>
          <type>void</type>
          <parameter name="address">
            <paramtype>NetworkAddressT const&amp;</paramtype>
          </parameter>
        </method>

        <method name="shutdown">
          <type>void</type>
        </method>

      </class>
      <typedef name="netbuf">
        <type>basic_netbuf&lt;char, std::char_traits&lt;char&gt; &gt;</type>
      </typedef>
    </namespace>
  </namespace>
</header>
