<?xml version="1.0" encoding="utf-8"?>
<!DOCTYPE header PUBLIC "-//Boost//DTD BoostBook XML V1.0//EN"
  "http://www.boost.org/tools/boostbook/dtd/boostbook.dtd">
<header name="boost/network/resolver_error.hpp">
  <namespace name="boost">
    <namespace name="network">
      <class name="resolver_error">

        <purpose>Represents an error in the name resolution services.</purpose>

        <inherit access="public">
          <classname>std::runtime_error</classname>
        </inherit>
      
        <constructor>
        
          <parameter name="code">
            <paramtype>int</paramtype>
          </parameter>
          
          <effects>Constructs a <classname>resolver_error</classname> from the
          error indicated by the <code>code</code> parameter.</effects>
        
        </constructor>
        
        <destructor specifiers="virtual" />
        
        <method name="what" specifiers="virtual" cv="const">
        
          <type>char const*</type>
          
          <returns>An error message indicating the cause of the error.</returns>
          
        </method>
        
        <method name="code" cv="const">
        
          <type>int</type>
          
          <returns>The error code provided by the implementation.</returns>
          
        </method>

      </class>
    </namespace>
  </namespace>
</header>
