<?xml version="1.0" encoding="utf-8"?>
<!DOCTYPE header PUBLIC "-//Boost//DTD BoostBook XML V1.0//EN"
  "http://www.boost.org/tools/boostbook/dtd/boostbook.dtd">
<header name="boost/network/resolver.hpp">
  <namespace name="boost">
    <namespace name="network">
      <class name="resolved_address">
      
        <method name="family" cv="const">
          <type>net_base::family</type>
        </method>

        <method name="address" cv="const">
          <type>sockaddr const*</type>
        </method>

        <method name="length" cv="const">
          <type>int</type>
        </method>
      
      </class>
      <class name="resolver">
      
        <typedef name="result_type" />
        
        <constructor />
        
        <constructor>
          <parameter name="host">
            <paramtype>std::string</paramtype>
          </parameter>
          <parameter name="service">
            <paramtype>std::string</paramtype>
          </parameter>
        </constructor>
                
        <destructor />
        
        <method name="resolver">
          <type>void</type>
          <parameter name="host">
            <paramtype>std::string</paramtype>
          </parameter>
          <parameter name="service">
            <paramtype>std::string</paramtype>
          </parameter>
        </method>
        
        <method name="result" cv="const">
          <type>result_type</type>
        </method>
        
      </class>
    </namespace>
  </namespace>
</header>
