<?xml version="1.0" encoding="utf-8"?>
<!DOCTYPE header PUBLIC "-//Boost//DTD BoostBook XML V1.0//EN"
  "http://www.boost.org/tools/boostbook/dtd/boostbook.dtd">
<header name="boost/network/talker.hpp">
  <namespace name="boost">
    <namespace name="network">
      <class name="talker">
      
        <purpose>The <classname>talker</classname> represents a network
        entity whose main semantics are to contact a listener somewhere, and
        tell him some stuff.</purpose>
        
        <description>
        <para>A talker represents an end point of a duplex
        communication channel; the medium is a "network", whatever that may be
        in a particular case.</para>
        <para>On Unix, for example, one of the available network "family" is a
        "filesystem" family.</para>
        <para>The distinction between talkers and listeners is sometimes silly,
        and doesn't always represent the flow of the application protocol.
        In a client-server model, the <classname>listener</classname> is the
        "server", and the <classname>talker</classname> is the "client",
        but sometimes, the "server" is the first to talk in
        particular a conversation.</para>
        <para>The upstream data flow is completely independent of the downstream
        dataflow; so that sending doesn't affect receiving, and vice-versa.
        The remote entity is also a talker; there is
        no true guarantee our peer is actually saying anything; this can lead
        to fruitlessly blocking in a receive call that has nothing to receive.
        This "blocking problem" is not addressed in this implementation.</para>
        <para>The talker class is a wrapper over the operating system networking
        services and it's purpose is to hide those interfaces away from our
        C++ code, providing the opportunity for a truly generic interface
        elsewhere.</para>
        </description>
      
        <inherit access="private">
          <type><classname>boost::noncopyable</classname></type>
          <purpose>Exposition only</purpose>
        </inherit>
      
        <constructor>
        
          <parameter name="f">
            <paramtype>net_base::family</paramtype>
          </parameter>
          
          <effects>Constructs a talker for the specified network family of
          protocols Mainly used with the purpose of contacting some remote
          listener.</effects>
          <throws><classname>net_error</classname> in case of an error.</throws>
          
        </constructor>
        
        <constructor>
        
          <parameter name="l">
            <paramtype>listener const&amp;</paramtype>
          </parameter>
          
          <requires><code>listen()</code> was called on this
          <code>listener</code>.</requires>
          <effects>Constructs a talker for a communication channel created by
          the <classname>listener</classname> as requested by a remote
          entity.</effects>
          <throws><classname>net_error</classname> in case of an error.</throws>
          
          
        </constructor>
      
        <destructor>
        
          <effects>Shuts the communication channel down,
          if any is active.</effects>
          
        </destructor>
        
        <method name="bind">

          <template>
            <template-type-parameter name="NetworkAddressT" />
          </template>
          <type>void</type>

          <effects>
          <para>Bind the talker to the provided address in the local
          network host.</para>
          <para>Remote entities trying contacting will be contacting this
          address. Mainly useful for <classname>listener</classname>, but
          sometimes relevant to talker (particularly in hosts with
          multiple network interfaces).</para>
          </effects>
          <throws><classname>net_error</classname> in case of an error.</throws>

          <postconditions>
          <para>Subsequent calls to <code>bind</code> will throw.</para>
          </postconditions>

        </method>

        <method name="connect">
        
          <template>
            <template-type-parameter name="NetworkAddressT" />
          </template>
          <type>void</type>
          
          <effects>
          <para>Contacts a remote entity (probably a
          <classname>listener</classname>) bound to the provided address.</para>
          </effects>
          <throws><classname>net_error</classname> in case of an error.</throws>
          
        </method>

        <method name="receive">
        
          <type>int</type>
          <parameter name="buffer">
            <paramtype>char*</paramtype>
          </parameter>
          <parameter name="size">
            <paramtype>int</paramtype>
          </parameter>
          
          <effects>Receives at most <code>size</code> bytes from the
          communication channel into the provided <code>buffer</code>.
          </effects>
          <returns>The number of bytes received into the buffer, or zero if the
          channel was shut down.</returns>
          <throws><classname>net_error</classname> in case of an error.</throws>
          
        </method>

        <method name="send">
        
          <type>int</type>
          <parameter name="buffer">
            <paramtype>char const*</paramtype>
          </parameter>
          <parameter name="size">
            <paramtype>int</paramtype>
          </parameter>
          
          <effects>
          <para>Sends at most <code>size</code> bytes into the communication
          channel from the provided <code>buffer</code>.</para>
          <para>Note we have no guarantee that <code>size</code> bytes will
          be sent, as that is left for the mysteries of the operating
          system.</para>
          </effects>
          <returns>The number of bytes sent from the buffer. Note that, if the
          channel was shut down, this method will throw.</returns>
          <throws><classname>net_error</classname> in case of an error.</throws>
          
        </method>

        <method name="shutdown">
        
          <type>void</type>
          
          <effects>Shuts the communication channel down.</effects>
          
          <postconditions>
          <para>Calls to <code>receive()</code> will return zero.</para>
          <para>Calls to <code>send()</code> will throw.</para>
          </postconditions>
          
        </method>

      </class>
    </namespace>
  </namespace>
</header>
